No,Type,Title,Img-link
1101,행사,중증장애인생산품 신규품목 인큐베이팅 지원사업 생산시설 선정 공모,"https://example.com/sample/event_1101.jpg
		"
1100,행사,제11회 장애인식개선 캠페인 걷기대회 안내,"https://example.com/sample/event_1100.jpg
		"
6,교육,장애인거주시설 종사자 직무역량 강화 교육 신청 안내,"https://example.com/sample/edu_6_a.jpg
https://example.com/sample/edu_6_b.jpg
https://example.com/sample/edu_6_c.jpg
		"
204,채용,발달장애인 사무보조 채용 공고 (정규직),"https://example.com/sample/job_204.png
		"
311,생산품,장애인 직업재활시설 생산품 판매 박람회,"https://example.com/sample/product_311.jpg
		"
